Epoka,Najlepszy,Åšrednia,Odchylenie std
1,9129.884212727688,21903.626251032925,7093.127304628079
2,9129.884212727688,22456.297270744584,8179.528611410064
3,9129.884212727688,21661.366785258226,7760.135119608339
4,9129.884212727688,21011.922526788752,7968.132628725291
5,9129.884212727688,23001.40557020099,11381.602955192182
6,9129.884212727688,25833.94638283895,15117.884151287513
7,9129.884212727688,29243.586061852584,16274.966888464907
8,9129.884212727688,33119.306898232426,19225.97232411102
9,9129.884212727688,43780.43915429132,20126.24571644791
10,9129.884212727688,47833.306013099704,23420.603443625743
11,9129.884212727688,52301.46117753502,21460.234552249316
12,9129.884212727688,53857.46998652316,20920.099371159653
13,9129.884212727688,52865.0609202035,23976.135369226882
14,9129.884212727688,54900.399098444504,20198.9735914973
15,9129.884212727688,52904.053614559845,19764.00588843884
16,9129.884212727688,53670.30680944612,20407.857766164034
17,9129.884212727688,57528.199631145566,21116.7510080031
18,9129.884212727688,56054.52659362153,22012.716286898452
19,9129.884212727688,58061.8524430282,22220.769647722365
20,9129.884212727688,58313.94315803228,23333.707249556894
21,9129.884212727688,59851.91139110225,24798.248564207555
22,9129.884212727688,61667.10658395674,25187.22062759695
23,9129.884212727688,63870.31472913933,24638.624790933853
24,9129.884212727688,66225.93173596071,25813.9669614578
25,9129.884212727688,72169.38195894328,22518.34955013131
26,9129.884212727688,71807.60941175792,24407.585397880383
27,9129.884212727688,70254.46965226423,25927.489509597628
28,9129.884212727688,72301.5640317784,23513.781100692995
29,9129.884212727688,68828.31076958215,25183.853311806983
30,9129.884212727688,70606.04070426228,24455.610922691998
31,9129.884212727688,70498.18988958474,25958.80796963626
32,9129.884212727688,73167.94326019874,25444.24638674389
33,9129.884212727688,67845.47380832258,28924.60740056663
34,9129.884212727688,68365.96438802026,27073.081056497384
35,9129.884212727688,69235.6341154511,27991.24696940986
36,9129.884212727688,71138.48454953036,27901.593685369477
37,9129.884212727688,71930.83363685678,30311.71203294154
38,9129.884212727688,66977.0037806619,34146.3225411312
39,9129.884212727688,73781.75907087504,29979.13238438628
40,9129.884212727688,78720.69015528327,28083.03986573591
41,9129.884212727688,78902.26784601729,28093.698600397045
42,9129.884212727688,78436.60295931222,28125.28884301633
43,9129.884212727688,79956.89657111441,29434.163069874634
44,9129.884212727688,74407.81077156815,33158.97923897183
45,9129.884212727688,72739.06128654323,34376.05421423234
46,9129.884212727688,73852.79298818768,33322.73616207321
47,9129.884212727688,77340.92407824675,31154.347739812416
48,9129.884212727688,73878.02570831012,29924.212178398193
49,9129.884212727688,76923.30907891448,29612.43517081414
50,9129.884212727688,79803.21109784232,28878.53532971768
51,9129.884212727688,77060.39309427308,29232.94527543161
52,9129.884212727688,76543.74746114953,28137.563883884588
53,9129.884212727688,77446.82504712073,28224.596824147382
54,9129.884212727688,75648.33359621358,29181.749298552375
55,9129.884212727688,78151.46578489972,28405.490527747945
56,9129.884212727688,76975.59027590224,30114.776188189004
57,9129.884212727688,81664.66240891008,28762.91199461958
58,9129.884212727688,83974.86549825256,27003.56585905492
59,9129.884212727688,84400.93530948664,27034.91286554909
60,9129.884212727688,81084.92478844989,29281.740498303105
61,9129.884212727688,82150.71445072097,28243.868476465865
62,9129.884212727688,79329.29316924514,29667.053701658544
63,9129.884212727688,79169.69274012801,30073.070464091037
64,9129.884212727688,74418.78124645157,32767.28201330055
65,9129.884212727688,77145.63306130594,31189.816480538804
66,9129.884212727688,76646.81455645713,31578.66139023477
67,9129.884212727688,81880.8712487305,31568.745128393442
68,9129.884212727688,85775.10561452254,28022.458555977548
69,9129.884212727688,86327.35588055923,28535.588170352996
70,9129.884212727688,82667.45214981433,30708.258345313076
71,9129.884212727688,83834.59191295061,28052.45943128985
72,9129.884212727688,80412.8615646462,29051.135022826224
73,9123.8253801139,80198.13938561379,31399.309747412044
74,9123.8253801139,79621.65750913131,30895.400828420752
75,9123.8253801139,78288.12328488984,31763.23879005885
76,9123.8253801139,77434.0589582406,32220.730125487178
77,9123.8253801139,79447.45680467303,31676.846690542476
78,9123.8253801139,77900.54590899899,30889.236052326163
79,9123.8253801139,82513.26794338087,30297.910635175027
80,9123.8253801139,76142.07237651205,34525.885819419425
81,9123.8253801139,78854.41094554878,32556.828402096602
82,9123.8253801139,84733.90819969967,29774.65528302647
83,9123.8253801139,84779.61102933431,29997.23900890245
84,9123.8253801139,80453.35006408994,32898.564286428795
85,9123.8253801139,78994.79883035646,32070.482727499846
86,9123.8253801139,76817.93808200785,33498.69997691326
87,9123.8253801139,79613.9771658581,29918.20457370251
88,9123.8253801139,83221.07726013812,28882.784727164977
89,9123.8253801139,84688.58414005027,28778.362093330634
90,9123.8253801139,80692.3766336876,30252.889527331954
91,9123.8253801139,79034.1491983425,30933.337716706177
92,9123.8253801139,79334.87137739292,29967.981107874897
93,9123.8253801139,71114.82900520483,33593.59155878403
94,9123.8253801139,72450.5012185593,32402.330887109092
95,9123.8253801139,74854.94615062681,32249.72009771331
96,9123.8253801139,77888.45945368854,29842.41394497941
97,9123.8253801139,80365.59963339967,28901.10230587671
98,9123.8253801139,82239.16577448724,28796.889224066763
99,9123.8253801139,79064.49779697014,30276.998117233743
100,9123.8253801139,79925.01634092526,32927.15664141685
101,9123.8253801139,82730.11884194957,32461.184997710112
102,9123.8253801139,86342.98920170935,30811.87060939285
103,9123.8253801139,88430.43760015481,28466.220796626047
104,9123.8253801139,86603.06620947842,30824.330792012708
105,9123.8253801139,84663.18386636542,31424.824747652143
106,9123.8253801139,79714.87436340288,34114.14432918646
107,9123.8253801139,78918.1897151173,33377.78178579615
108,9123.8253801139,84620.2407250162,31214.62243670475
109,9123.8253801139,84388.62068088347,32208.523751575165
110,9123.8253801139,87310.80822743627,31452.598273146137
111,9123.8253801139,82940.47471964805,32144.712025284593
112,9123.8253801139,84165.15791094195,32934.10805050974
113,9123.8253801139,84617.38718230104,32040.300697662064
114,9123.8253801139,82323.92976468394,31749.31654548473
115,9123.8253801139,80377.60377455338,32317.381612355057
116,9123.8253801139,83792.70817632416,34581.443405653954
117,9123.8253801139,88549.34645683432,33243.61189517258
118,9123.8253801139,86864.61134895725,35258.84897474986
119,9123.8253801139,87446.09332450661,34979.70881143261
120,9123.8253801139,88974.77116453735,31841.299389854994
121,9123.8253801139,86944.43017364401,34256.86124274502
122,9123.8253801139,90019.50248020128,30573.292331277673
123,9123.8253801139,94088.07620706028,30155.317135988706
124,9123.8253801139,87771.6225158681,35789.247165098364
125,9123.8253801139,91055.48172584095,33808.938632549136
126,9123.8253801139,93530.51670991225,34334.25841336473
127,9123.8253801139,94469.90795437021,31815.7643353425
128,9123.8253801139,88851.20956789421,38079.740425974924
129,9123.8253801139,87573.39701044613,35818.29453020491
130,9123.8253801139,86878.43216920458,37334.94089700011
131,9123.8253801139,91715.28964220667,34901.78944806764
132,9123.8253801139,93379.06092302386,33511.96804827319
133,9123.8253801139,87167.58327184437,38208.62652609719
134,9123.8253801139,87399.2734443443,38190.51639533713
135,7748.120556867991,89477.54519399567,37995.081479426975
136,7748.120556867991,95670.98124519603,31925.457861865136
137,7748.120556867991,90180.9332626516,31299.485707204163
138,7748.120556867991,91262.06337225389,36061.353541118086
139,7748.120556867991,90749.91583938018,36262.690255765716
140,7748.120556867991,90378.93795593835,36840.09276511549
141,7748.120556867991,85229.90157347254,37221.008143117695
142,7748.120556867991,89817.80958688838,33334.97135343585
143,7748.120556867991,96112.53725284517,31200.499998973453
144,7748.120556867991,92931.76193765369,36693.621266006485
145,7748.120556867991,88547.18117448196,39710.679069007616
146,7748.120556867991,90796.52592680324,38644.98996950777
147,7748.120556867991,92010.2168618798,37906.51393427762
148,7748.120556867991,93222.61977294815,36773.57207897946
149,7748.120556867991,96760.58248367369,36220.05756592355
150,7748.120556867991,94993.03460054455,34378.72265494388
151,7748.120556867991,90901.37257891493,36873.121504683935
152,7748.120556867991,95769.02434699518,34004.58047706771
153,7748.120556867991,92969.48133924458,37662.054043629025
154,7748.120556867991,100117.97553348348,32577.787975709933
155,7748.120556867991,99060.91661190453,34405.34650073341
156,7748.120556867991,102033.03618661432,36261.81745361164
157,7748.120556867991,99306.63713376994,37439.46312894881
158,7748.120556867991,97924.30132826602,39085.196573637804
159,7748.120556867991,98857.11123664478,36709.43513797289
160,7748.120556867991,100071.62555828776,36486.80049132856
161,7748.120556867991,93748.10009594625,41090.09495896551
162,7748.120556867991,101213.82388636694,37159.84139636858
163,7748.120556867991,102233.71042947724,37075.695978688535
164,7748.120556867991,104800.13571863044,34118.00092082231
165,7748.120556867991,100595.90817774572,35818.69682524245
166,7748.120556867991,97781.97931122773,40127.969178084
167,7748.120556867991,103586.85506567314,33818.62990749595
168,7748.120556867991,101953.81273440465,34314.651892856324
169,7748.120556867991,96647.18013445396,37221.35935805583
170,7748.120556867991,100887.8404065956,35765.84952687365
171,7748.120556867991,93078.77765793046,41327.108126864376
172,7748.120556867991,98496.79069921812,37691.24340403876
173,7748.120556867991,100776.9064176078,35338.31553957904
174,7748.120556867991,94723.7144429252,37501.73807837711
175,7748.120556867991,95348.2436607959,39360.85717582614
176,7748.120556867991,99312.04067207666,37283.723144944925
177,7748.120556867991,89869.42558055063,41421.451514412634
178,7748.120556867991,92370.4579419749,38273.836200088284
179,7748.120556867991,90444.54999823828,37570.42870698652
180,7748.120556867991,94096.40054237864,36183.74077086378
181,7748.120556867991,93884.18765713593,37176.0386618931
182,7748.120556867991,88220.4830189728,40492.02242386864
183,7748.120556867991,90384.91072250302,39804.205039047534
184,7748.120556867991,94679.03643694239,36445.09146984316
185,7748.120556867991,97453.10808092063,36499.29062743797
186,7748.120556867991,98022.51831291418,38094.0367765413
187,7748.120556867991,100399.32290497693,36170.8905801549
188,7748.120556867991,100667.36209129334,35997.53337788575
189,7748.120556867991,101463.18372708188,38334.461951811085
190,7748.120556867991,96522.77310928942,41226.05600942754
191,7748.120556867991,99667.90901220862,38964.93201055779
192,7748.120556867991,94292.66944491402,38677.202378476046
193,7748.120556867991,95174.61902351517,38999.589246077456
194,7748.120556867991,98926.08698181443,36476.28098470044
195,7748.120556867991,96864.18481300233,35971.527692591044
196,7748.120556867991,91060.30753235845,35832.72888387185
197,7748.120556867991,94385.73682105649,36123.29136811404
198,7748.120556867991,91569.12061874321,38179.47367671173
199,7748.120556867991,91173.49598000223,37295.86304107501
200,7748.120556867991,87642.50132379822,36440.09474746798
201,7748.120556867991,90687.52780246177,35205.851917266715
202,7748.120556867991,92934.77040427543,36334.420731597886
203,7748.120556867991,89804.16042291751,38160.84957912004
204,7748.120556867991,87263.17979113995,39968.550005508776
205,7748.120556867991,97705.9849401588,35276.17734816712
206,7748.120556867991,101716.25622081671,33667.8849789199
207,7748.120556867991,101117.6438620678,35454.506198111834
208,7748.120556867991,98235.50992939895,34089.23280156169
209,7748.120556867991,95027.8078500397,37514.45599674477
210,7748.120556867991,90347.48807350322,39612.16640172438
211,7745.985726807216,87138.6167933458,38863.60700862043
212,7745.985726807216,86636.74369627825,40315.279883649826
213,7745.985726807216,93562.3600185463,37841.07955256829
214,7745.985726807216,97632.10203283014,34917.359503313164
215,7745.985726807216,97389.73964655418,35806.710229210395
216,7745.985726807216,97003.80187457273,37165.171238128896
217,7745.985726807216,93921.96228392035,38429.15593167647
218,7745.985726807216,94578.16215782192,38928.1819474416
219,7745.985726807216,97670.83722262284,35262.830555122026
220,7745.985726807216,95607.18717102917,39136.70445236795
221,7745.985726807216,98236.86778660378,36905.74278718931
222,7745.985726807216,100841.69729155792,36324.57610338226
223,7745.985726807216,97116.70954561008,38493.80009452808
224,7745.985726807216,99184.84008698723,34320.77216065449
225,7745.985726807216,95694.08516398845,36621.01052922684
226,7745.985726807216,87810.29263786916,40316.00800838245
227,7745.985726807216,91585.14216593844,37635.624519811114
228,7745.985726807216,90795.22861310578,37082.14454485216
229,7745.985726807216,93486.99413794503,36504.613223592954
230,7745.985726807216,94217.6992547403,35808.49044560449
231,7745.985726807216,93095.8909422072,35184.67806677076
232,7745.985726807216,94766.6085394333,35476.307941941595
233,7745.985726807216,98458.21426055235,34910.70562151033
234,7745.985726807216,100160.59361203412,36143.058725343704
235,7745.985726807216,92742.47170348317,40340.65521742713
236,7745.985726807216,94524.99923408119,37106.89529970681
237,7745.985726807216,96195.41871932114,36480.066481395785
238,7745.985726807216,101630.59183949327,36553.313909074364
239,7745.985726807216,101629.14089095233,38450.30952547335
240,7745.985726807216,109165.25707460812,34638.74538533688
241,7745.985726807216,95250.6664879079,41290.03887982623
242,7745.985726807216,99326.58412617152,38019.61833566574
243,7745.985726807216,94668.07681274679,38890.577369072875
244,7745.985726807216,96725.40554772405,35331.57443020046
245,7745.985726807216,98250.66626282576,34452.20053050461
246,7745.985726807216,97122.58376963405,37658.017417351846
247,7745.985726807216,99580.58355630848,39624.13692229645
248,7745.985726807216,102570.35603263078,37716.15241018436
249,7745.985726807216,100148.7903712205,38629.79590179977
250,7745.985726807216,96147.86085846793,39016.84843365423
251,7745.985726807216,100438.7243659477,37795.45802375971
252,7745.985726807216,99565.14096638391,38857.778829308394
253,7745.985726807216,96393.34714220041,39291.51901779937
254,7745.985726807216,99439.45900874132,38785.78291087907
255,7745.985726807216,91914.18658388668,44233.95431880139
256,7745.985726807216,101498.86015614307,38301.38418747778
257,7745.985726807216,100530.62834614115,39497.518730787546
258,7745.985726807216,100316.5000948852,38902.760789808446
259,7745.985726807216,101851.70700348854,37225.04717568781
260,7745.985726807216,98756.98917748878,39700.27562306494
261,7745.985726807216,100295.90261128232,39945.92462690301
262,7745.985726807216,103656.13813769806,38782.1902444768
263,7745.985726807216,99498.10797285504,40813.45175417919
264,7745.985726807216,97471.34576301064,41032.42541833505
265,7745.985726807216,99544.8277363533,38776.58740887281
266,7745.985726807216,100113.73026294372,37389.543566063534
267,7745.985726807216,100242.2459408561,38389.710057481076
268,7745.985726807216,96248.53423717356,37709.28048177299
269,7745.985726807216,95595.50506451487,38214.63459169553
270,7745.985726807216,98186.01045880695,37181.64924966766
271,7745.985726807216,101053.58480959471,36501.13764258082
272,7745.985726807216,99824.8287308145,36526.576027019706
273,7745.985726807216,96666.76994047486,36942.9702879354
274,7745.985726807216,95763.13179648659,38346.016842217454
275,7745.985726807216,98413.5218954302,35596.24531467009
276,7745.985726807216,97878.61721500794,36649.410501439736
277,7745.985726807216,98054.77620418475,38232.561158868455
278,7745.985726807216,98205.86613479258,37135.86307183908
279,7745.985726807216,96360.39711821059,40711.56875850467
280,7745.985726807216,99065.22389045989,37278.244420684816
281,7745.985726807216,100181.67172082484,37505.68591058161
282,7745.985726807216,93137.65721280254,41628.744502841815
283,7745.985726807216,91337.56094065221,39594.267312601696
284,7745.985726807216,91878.1632107669,41108.47700143631
285,7745.985726807216,92733.80955656886,40804.209376274215
286,7745.985726807216,98394.39319292849,34947.83159168504
287,7745.985726807216,100888.09839260673,35063.929699045744
288,7745.985726807216,98217.80014973874,37826.24265500442
289,7745.985726807216,102242.92388649406,34308.904810553235
290,7745.985726807216,98434.70808448225,36767.853328842364
291,7745.985726807216,88533.88011322831,41768.860213937085
292,7745.985726807216,97171.42736878002,38609.560394752225
293,7745.985726807216,92717.1341304887,38168.15603342942
294,7745.985726807216,96019.0344850365,36555.408643890936
295,7745.985726807216,97598.77093288429,34471.46306758708
296,7745.985726807216,91036.1936076128,37355.5872801107
297,7745.985726807216,95156.88677236151,35466.212615404365
298,7745.985726807216,95537.95059300795,33128.19270945574
299,7745.985726807216,95242.37224570032,34536.113494890255
300,7745.985726807216,90861.6125822276,36300.537226541026
301,7745.985726807216,88654.06464032848,38674.00511961375
302,7745.985726807216,98135.62645379618,36676.66520736408
303,7745.985726807216,99084.1634527755,35998.22422780199
304,7745.985726807216,100704.39808974056,33587.52816823599
305,7745.985726807216,97650.1329316713,35776.34532369916
306,7745.985726807216,88917.4715965901,39400.794271376835
307,7745.985726807216,91013.97632829184,35430.298732949115
308,7745.985726807216,88952.06629522397,37788.98968077062
309,7745.985726807216,93938.28481907077,35481.20393403822
310,7745.985726807216,95919.13979498707,35214.07599585093
311,7745.985726807216,94117.75491690257,36518.341039292354
312,7745.985726807216,93350.01564549141,39045.28533086412
313,7745.985726807216,94567.37962489061,39902.256315002036
314,7745.985726807216,91684.10283132058,38872.45852821904
315,7745.985726807216,94157.24300229861,39241.68166515466
316,7745.985726807216,99372.56708359942,38185.31702488757
317,7745.985726807216,102100.7339147997,35784.779107754424
318,7745.985726807216,97746.10869034466,38554.04040550667
319,7745.985726807216,100623.10395119018,37543.35154765376
320,7745.985726807216,99276.22833666726,38368.00133831488
321,7745.985726807216,90137.83686189717,41276.98195792152
322,7745.985726807216,94104.7537464727,38371.796329127734
323,7745.985726807216,95599.53633699146,36239.48658101412
324,7745.985726807216,93953.63508465387,40540.03034636897
325,7745.985726807216,99065.41313157944,38618.69417886781
326,7745.985726807216,100413.62464630832,35216.67175548378
327,7745.985726807216,95906.69061577744,34891.78707648968
328,7745.985726807216,94353.30393051862,40248.46299114164
329,7745.985726807216,91270.96434426177,38969.2305737469
330,7745.985726807216,91633.80431644386,37372.59725393177
331,7745.985726807216,96156.8463666083,35867.51675267097
332,7745.985726807216,96169.66808891363,35509.85648700409
333,7745.985726807216,93454.52325483141,37571.27000109082
334,7745.985726807216,93568.59000681767,37088.54107951582
335,7745.985726807216,92686.00479291307,36184.1601826179
336,7745.985726807216,84521.522823273,39307.436245334364
337,7745.985726807216,87466.64093502327,37485.78427390622
338,7745.985726807216,85468.55348415415,40120.19618472583
339,7745.985726807216,90457.29750446856,36582.83907380992
340,7745.985726807216,91890.74875414254,34765.37643161784
341,7745.985726807216,88920.45538497166,36534.851357153995
342,7745.985726807216,88852.05884534624,36804.24784353617
343,7745.985726807216,86481.47965579129,35006.63578528333
344,7745.985726807216,91362.89006533002,33993.68958398774
345,7745.985726807216,86989.58846229814,35903.20840469181
346,7745.985726807216,83668.37059106208,36787.35262517145
347,7745.985726807216,87503.60778666307,38085.31206656795
348,7745.985726807216,95205.8008311967,31854.244384063895
349,7745.985726807216,92416.4235920715,35419.2585461881
350,7745.985726807216,93901.20707936393,38651.69036989507
351,7745.985726807216,99752.9103785661,33834.31684376588
352,7745.985726807216,92543.35849313225,38453.03721862858
353,7745.985726807216,91253.26745587919,37619.0073645527
354,7745.985726807216,85835.31092768614,40601.949850376106
355,7745.985726807216,91148.20371636581,35414.87768044022
356,7745.985726807216,89243.52496163441,39860.89947292676
357,7745.985726807216,89310.51159791835,39942.93476039931
358,7745.985726807216,83088.02848077468,42574.36769672785
359,7745.985726807216,93844.07694298873,38803.59993468556
360,7745.985726807216,99554.2940118837,35265.26797282497
361,7745.985726807216,97063.94710446238,34907.58098524911
362,7745.985726807216,100156.07791248454,35637.26439990885
363,7745.985726807216,92733.12410228551,37969.01248137646
364,7745.985726807216,92970.96745770001,36654.1859717043
365,7745.985726807216,87168.56051434844,37476.90894697596
366,7745.985726807216,90145.25599031692,33639.13179640312
367,7745.985726807216,86309.92920795729,32527.095274023133
368,7745.985726807216,90139.35349540187,33662.73936878419
369,7745.985726807216,92047.86691326016,36747.41052611369
370,7745.985726807216,88642.47891831496,37543.83052713856
371,7745.985726807216,93026.66536395,36574.66571752902
372,7745.985726807216,91495.00253733707,39696.17435592461
373,7745.985726807216,90546.61101678884,39548.18317650854
374,7745.985726807216,99689.12968532775,36208.50244276201
375,7745.985726807216,98532.16318717903,35182.405561005384
376,7745.985726807216,95591.58070698488,38185.208007293615
377,7745.985726807216,91768.66631589632,37773.3873172117
378,7745.985726807216,93834.74114289861,37006.58659976076
379,7745.985726807216,94753.5762367397,36162.059630673735
380,7745.985726807216,89641.57671303906,39361.91985351654
381,7745.985726807216,92420.57157709541,38327.808032631416
382,7745.985726807216,95058.41821112666,36241.40804594359
383,7745.985726807216,95317.31777160411,36860.82994502094
384,7745.985726807216,98316.12960280577,34294.41708929535
385,7745.985726807216,97655.98514933237,34073.60362785605
386,7745.985726807216,97846.98714322688,36589.80794853557
387,7745.985726807216,94077.66555210463,39633.693809870674
388,7745.985726807216,97491.23995309482,35894.556455339065
389,7745.985726807216,96018.47464922364,39572.01300419547
390,7745.985726807216,96838.1228914117,39784.53919068501
391,7745.985726807216,98490.89390402433,38763.50221289832
392,7745.985726807216,97271.55525533175,39351.13737043913
393,7745.985726807216,95295.27511236515,39503.62112275738
394,7745.985726807216,105278.88497264024,36431.00638751897
395,7745.985726807216,106323.33680579791,37339.43318553804
396,7745.985726807216,103275.17535456298,38923.1998019677
397,7745.985726807216,101546.76060051267,42279.62049383972
398,7745.985726807216,102384.51405536957,39882.57073958266
399,7745.985726807216,103801.23969443355,37590.51463771392
400,7745.985726807216,98064.93075813727,41589.92920062225
401,7745.985726807216,105482.43017190296,36751.9276817054
402,7745.985726807216,97393.08731512359,41346.92452383275
403,7745.985726807216,104207.6367120424,37525.013299886596
404,7745.985726807216,105446.25594758154,37219.47190301234
405,7745.985726807216,91469.97738800473,41918.66976662791
406,7745.985726807216,94822.77173131902,40626.35677924824
407,7745.985726807216,93064.76228046785,41286.57614250023
408,7745.985726807216,100416.56880113664,38410.53331853114
409,7745.985726807216,98169.73557592019,39040.63655409016
410,7745.985726807216,104833.39348841825,35376.265342138395
411,7745.985726807216,103751.00493995484,37307.74173571028
412,7745.985726807216,99167.61639016116,38959.75751157006
413,7745.985726807216,101269.22602475891,38184.67352803207
414,7745.985726807216,101874.83688509218,37529.57759742286
415,7745.985726807216,101643.86701281717,38131.76717237383
416,7745.985726807216,104271.40063411264,35926.3366161293
417,7745.985726807216,102945.81134097544,35035.988930460524
418,7745.985726807216,103207.12941198295,36395.58737278542
419,7745.985726807216,100799.79692974975,38076.70176507957
420,7745.985726807216,100837.20238961803,36715.13505591168
421,7745.985726807216,102471.27760375406,34291.3958574175
422,7745.985726807216,102418.41328604135,35321.76847929716
423,7745.985726807216,100649.64040785968,38059.89815506924
424,7745.985726807216,101859.2245821975,36008.324348185815
425,7745.985726807216,99891.13811790895,36948.096627704035
426,7745.985726807216,95136.22082701839,38298.98745089657
427,7745.985726807216,99856.61933401632,33057.772012119545
428,7745.985726807216,95068.71911934363,39249.966120058634
429,7745.985726807216,100245.93216355899,34880.50609922573
430,7745.985726807216,97905.32931830306,34192.33085231022
431,7745.985726807216,96121.29455027831,35627.45434650648
432,7745.985726807216,95924.74262798861,36212.54210066175
433,7745.985726807216,89832.05797262106,41270.04194430235
434,7745.985726807216,95816.77346601913,37716.26596959895
435,7745.985726807216,91201.03520550199,39350.3989892808
436,7745.985726807216,94079.80930467666,38591.64699172755
437,7745.985726807216,98273.20100016167,35694.0665755064
438,7745.985726807216,100891.2841070278,34807.49766260559
439,7745.985726807216,101581.7408992668,37256.363097977825
440,7745.985726807216,97309.31007115805,37800.01947717366
441,7745.985726807216,94908.95814490945,38040.3618824194
442,7745.985726807216,98226.35832824746,37607.10915274955
443,7745.985726807216,94822.75197865842,39206.46984250163
444,7745.985726807216,99704.80321827225,40394.21771154692
445,7745.985726807216,103930.83747840283,36706.00708942486
446,7745.985726807216,103988.26784560658,37204.983983164464
447,7745.985726807216,98604.86481404859,37008.625402543425
448,7745.985726807216,97222.57438491417,41807.34279355537
449,7745.985726807216,101911.09009980319,37632.762405366164
450,7745.985726807216,101639.29917331647,37846.072219259724
451,7745.985726807216,105739.28074345361,35023.9447848579
452,7745.985726807216,101525.45128564822,38431.958738208836
453,7745.985726807216,96959.25604410422,41720.67524016558
454,7745.985726807216,96833.0062999367,38746.71430148633
455,7745.985726807216,95926.73816192402,38989.97552846565
456,7745.985726807216,99094.73404221112,36615.386738730034
457,7745.985726807216,96834.25975239258,37853.207164531406
458,7745.985726807216,104934.43224625295,35564.73618862277
459,7745.985726807216,99515.90391343206,37099.01504567327
460,7745.985726807216,103499.00703677074,36721.80427631636
461,7745.985726807216,99939.95429659703,38901.902576519875
462,7745.985726807216,97699.93852228267,40150.303588337265
463,7745.985726807216,101563.87850540382,37405.87505363761
464,7745.985726807216,98977.36616565307,40098.010884064955
465,7745.985726807216,100893.6935580486,38572.93039129165
466,7745.985726807216,94493.96189300616,41498.79739668265
467,7745.985726807216,97928.72195221319,38428.759587247405
468,7745.985726807216,98975.46296931739,37878.18551648403
469,7745.985726807216,101454.45546844996,34980.56608420816
470,7745.985726807216,104252.36950088464,34311.33659187342
471,7745.985726807216,100875.63737598014,40520.03604015328
472,7745.985726807216,101257.13978487646,40431.20684991063
473,7745.985726807216,94840.91994747113,39591.04052276378
474,7745.985726807216,100011.62554688397,37450.135625653806
475,7745.985726807216,102118.57072611472,37836.92233069077
476,7745.985726807216,105266.28225907106,37677.359977301145
477,7745.985726807216,101625.7281472101,39666.179782297826
478,7745.985726807216,101008.36410278699,40266.154671554876
479,7745.985726807216,103514.94303747703,36570.543446428426
480,7745.985726807216,106180.36803457531,35290.26766942782
481,7745.985726807216,107015.12326247223,34998.44670554132
482,7745.985726807216,105188.78128968882,38374.007010631685
483,7745.985726807216,99580.85170377871,39258.572145804326
484,7745.985726807216,102727.05356264839,35436.03243828178
485,7745.985726807216,97782.09723326725,36787.23205639249
486,7745.985726807216,91768.25215135096,39776.91025959093
487,7745.985726807216,93301.54846060209,40650.00001085621
488,7745.985726807216,92690.14530841855,39686.220751062276
489,7745.985726807216,90614.24924792981,36523.43730700038
490,7745.985726807216,99246.20930808045,35508.967006811734
491,7745.985726807216,101990.89653711567,36624.5750103315
492,7745.985726807216,100273.41516443853,36699.53823871665
493,7745.985726807216,93913.51596924847,42330.498316832665
494,7745.985726807216,98443.30790994262,39217.28349951136
495,7745.985726807216,99124.1597485946,40072.56864225541
496,7745.985726807216,97559.84047555432,38255.231250332254
497,7745.985726807216,96282.8617608251,38119.7523825427
498,7745.985726807216,95933.5148098317,39149.36129873897
499,7745.985726807216,98433.6560817249,34982.50550188662
500,7745.985726807216,101191.84646242872,35498.71894370367
501,7745.985726807216,100444.29467982435,36854.33209216898
502,7745.985726807216,102356.31363749917,35362.311706422675
503,7745.985726807216,103411.19704680413,35838.00002569224
504,7745.985726807216,98084.53414793637,40699.63911332644
505,7745.985726807216,99211.83277601309,37259.08417064981
506,7745.985726807216,96762.24540949844,38310.86806663293
507,7745.985726807216,96118.58657985213,38714.67165500373
508,7745.985726807216,94347.52195564157,39240.569564471196
509,7745.985726807216,100321.3229717988,37381.89352232464
510,7745.985726807216,97127.70148686392,38921.20784471998
511,7745.985726807216,96713.09301318249,35307.49686920989
512,7745.985726807216,99505.22757328433,35018.33540127534
513,7745.985726807216,96644.0787879093,39096.145642375865
514,7745.985726807216,97249.58821008827,37793.28640697589
515,7745.985726807216,99792.95723190812,36265.822447586695
516,7745.985726807216,103372.50542261031,37373.81083260325
517,7745.985726807216,102366.58426280625,39062.03737427877
518,7745.985726807216,102674.65668532912,37287.50569913474
519,7745.985726807216,102088.39130151324,36619.983866025286
520,7745.985726807216,98083.47030560095,38976.95635323261
521,7745.985726807216,97821.03883183407,40535.598650910135
522,7745.985726807216,95835.37470411355,39761.3452889807
523,7745.985726807216,101642.8318053087,36560.17953160785
524,7745.985726807216,96368.11506153223,38734.83451086641
525,7745.985726807216,96897.31679045116,36097.70951146764
526,7745.985726807216,94325.85604797788,40614.69953293848
527,7745.985726807216,91985.6827232324,41154.66070658448
528,7745.985726807216,99417.01102027416,36380.84859397369
529,7745.985726807216,102676.71449254808,35214.45635645797
530,7745.985726807216,105172.049911614,35127.54825847903
531,7745.985726807216,101362.68157181397,37154.11104388909
532,7745.985726807216,98163.56235156395,39402.971908736596
533,7745.985726807216,100696.28705331149,38660.72329550593
534,7745.985726807216,96089.85918873739,38983.30064750336
535,7745.985726807216,97085.34233537536,37742.95072643852
536,7745.985726807216,96505.9346179726,36919.43574188496
537,7745.985726807216,99275.72546508648,35996.54579022035
538,7745.985726807216,96027.29757272839,39693.81003567948
539,7745.985726807216,104029.96289808235,37216.84455967811
540,7745.985726807216,103863.59438352195,38777.42477473902
541,7745.985726807216,107732.5943367418,34733.48554140617
542,7745.985726807216,102952.3808400813,37718.64739198562
543,7745.985726807216,105946.58005005322,36516.52367959218
544,7745.985726807216,95253.79625015537,43876.19277608167
545,7745.985726807216,105487.27271872941,37997.71356033473
546,7745.985726807216,104739.43442504475,37279.45529059092
547,7745.985726807216,103109.32615401571,38605.04476406417
548,7745.985726807216,98104.14466089122,39488.82070230007
549,7745.985726807216,97206.41979678773,43292.73330367458
550,7745.985726807216,104998.80069545741,38243.43093295122
551,7745.985726807216,105835.1820691598,37957.137520356286
552,7745.985726807216,104130.70466004401,41684.21282995554
553,7745.985726807216,104168.4338259792,41691.19558176743
554,7745.985726807216,110033.10273527756,36348.21478760478
555,7745.985726807216,108448.81760853055,37616.208410157335
556,7745.985726807216,106446.673573225,39899.63927201325
557,7745.985726807216,104502.90106476097,39277.173866499645
558,7745.985726807216,102555.86223721791,37924.10250311495
559,7745.985726807216,101266.46585106904,40997.937828316484
560,7745.985726807216,109234.1432135087,37744.296413445096
561,7745.985726807216,108095.25402401468,37846.182447657324
562,7745.985726807216,108988.11473302025,35643.34767188253
563,7745.985726807216,107069.72422506016,36854.9215592988
564,7745.985726807216,102701.77901557653,40599.86484071476
565,7745.985726807216,102563.29837724863,39163.412178412
566,7745.985726807216,106434.27595364275,34921.14724682709
567,7180.185374683161,101079.35426682398,39064.446579813695
568,7180.185374683161,103564.24906305464,38726.6835947405
569,7180.185374683161,108553.9728901227,36524.92201857052
570,7180.185374683161,104993.1356578333,35767.810212018536
571,7180.185374683161,102580.64602014946,38137.73496569421
572,7180.185374683161,99665.12016965952,40544.67653485395
573,7180.185374683161,106976.9550603102,35810.63910274929
574,7180.185374683161,103914.36505133387,37651.27366793679
575,7180.185374683161,101513.2720291588,38152.61111249135
576,7180.185374683161,109076.96380306862,34665.1939874508
577,7180.185374683161,100818.98448832888,39559.37098821559
578,7180.185374683161,97784.30640545566,39939.009552276715
579,7180.185374683161,101004.3115351864,38130.98397582986
580,7180.185374683161,105460.2041930483,36399.41936948854
581,7180.185374683161,98343.50167779863,38816.4156444402
582,7180.185374683161,96885.26582773695,39415.81344589232
583,7180.185374683161,99234.90737222863,38140.47137581576
584,7180.185374683161,102760.79462703952,36457.85975271664
585,7180.185374683161,97255.63161585941,38948.352822650435
586,7180.185374683161,96441.45644626734,40585.66846837757
587,7180.185374683161,96285.03790788708,40956.84234157993
588,7180.185374683161,97629.93437828781,36164.27583508403
589,7180.185374683161,97094.6647959098,38728.4125235186
590,7180.185374683161,94584.43149092815,38421.225234827696
591,7180.185374683161,96775.35436905076,37676.10182054885
592,7180.185374683161,99929.49492868796,36373.39446969587
593,7180.185374683161,98704.10946485082,35082.261613559036
594,7180.185374683161,99606.5947058594,38597.956360798846
595,7180.185374683161,98769.42981483553,36501.4204919227
596,7180.185374683161,99265.02389308656,38590.95158856458
597,7180.185374683161,101409.88538547998,37531.80694045249
598,7180.185374683161,100165.03227744237,39535.56826424016
599,7180.185374683161,105722.84596278917,37052.49879205831
600,7180.185374683161,102003.67513167672,40370.20962375906
601,7180.185374683161,108200.94521363312,34974.381396953846
602,7180.185374683161,101981.96578700893,38784.96693518339
603,7180.185374683161,101409.16524400574,38524.7096902383
604,7180.185374683161,99424.23024577076,39629.96134731398
605,7180.185374683161,94908.53453692829,41861.18280417656
606,7180.185374683161,99335.55002529181,38746.35273039627
607,7180.185374683161,98126.44597824413,39371.74367292577
608,7180.185374683161,102439.25147533971,39143.576595759536
609,7180.185374683161,105478.45033720859,38828.123772346255
610,7180.185374683161,101097.55212512598,41368.34920802925
611,7180.185374683161,104798.81367902651,39241.00180605925
612,7180.185374683161,103490.3618093989,40161.125412501235
613,7180.185374683161,104480.51740037468,42185.11300969092
614,7180.185374683161,108780.76979250206,37977.386747497694
615,7180.185374683161,101793.85944680002,43625.018299006544
616,7180.185374683161,108328.59674225064,38284.50642664342
617,7180.185374683161,105790.92621951207,41593.72665790083
618,7180.185374683161,110766.5425177056,39066.370796463205
619,7180.185374683161,103578.2428550807,41937.21110619964
620,7180.185374683161,105607.17979029934,39384.12032190235
621,7180.185374683161,107572.25078897078,37339.957964805864
622,7180.185374683161,103224.9661205276,40788.73233160379
623,7180.185374683161,99636.52521844055,42115.59913743
624,7180.185374683161,96875.5416356935,41960.672189476696
625,7180.185374683161,103496.49286970722,38212.14038433086
626,7180.185374683161,104347.7527719892,38035.076543971445
627,7180.185374683161,102989.12360574173,38894.310259493126
628,7180.185374683161,104143.74341865457,39663.49896375463
629,7180.185374683161,103484.38648760882,40138.943569147945
630,7180.185374683161,104045.43087881272,40825.411010761505
631,7180.185374683161,107588.69011416107,37407.022466034854
632,7180.185374683161,103198.82043229365,39422.12357180192
633,7180.185374683161,101316.71030477578,37682.51316864297
634,7180.185374683161,101768.49523124303,38513.19807414996
635,7180.185374683161,98008.51643727672,43021.74216666246
636,7180.185374683161,102657.7457727199,40373.59178499103
637,7180.185374683161,105000.14682719824,39395.27393798964
638,7180.185374683161,101624.15343079029,41457.31130899224
639,7180.185374683161,104274.21507674294,39483.95940340495
640,7180.185374683161,102337.03449368569,39862.479687090716
641,7180.185374683161,105129.92894914061,36997.64675838362
642,7180.185374683161,102144.32566183188,38278.0191602257
643,7180.185374683161,98840.63620745699,41246.056501991545
644,7180.185374683161,99158.16417715381,39313.77613891824
645,7180.185374683161,100404.49674371714,42584.11863755059
646,7180.185374683161,106341.84955619258,37828.1830280384
647,7180.185374683161,103233.82782664002,37328.69561016708
648,7180.185374683161,101018.71015747006,40737.624102534675
649,7180.185374683161,102019.98819488466,38093.65174013575
650,7180.185374683161,103849.44270185818,35901.72201751306
651,7180.185374683161,98040.81180372111,39975.66876512248
652,7180.185374683161,102894.66838326573,40517.68602773234
653,7180.185374683161,97341.17135262718,42192.35424941673
654,7180.185374683161,95364.95781933288,41224.362779905765
655,7180.185374683161,99427.11604548039,43023.34030561845
656,7180.185374683161,107011.74258111184,36833.823430682
657,7180.185374683161,107014.93915126148,39030.84300662041
658,7180.185374683161,104261.98009503818,36513.80397124201
659,7180.185374683161,95281.69546982225,39925.818895936405
660,7180.185374683161,93584.30032675805,37855.28851911654
661,7180.185374683161,91913.09536844237,41585.78006864882
662,7180.185374683161,89270.53930701068,39881.493567302496
663,7180.185374683161,98069.67306424197,39219.28441077814
664,7180.185374683161,96451.75166596685,41799.10148731723
665,7180.185374683161,97156.43091307157,41561.739762272475
666,7180.185374683161,95605.60794837531,42503.468250346814
667,7180.185374683161,94410.32575424772,42526.88985075059
668,7180.185374683161,103528.39631220365,38406.20589429225
669,7180.185374683161,100908.21658339948,41533.54762002804
670,7180.185374683161,104592.17477330893,40942.27638792821
671,7180.185374683161,108093.15893659482,38280.258623558
672,7180.185374683161,110145.0335282309,37512.626086222175
673,7180.185374683161,106807.17938240226,39968.65648239736
674,7180.185374683161,103397.75824384153,38952.84721113173
675,7180.185374683161,103390.94815320028,37318.11453259484
676,7180.185374683161,101443.60833144313,37569.20743539223
677,7180.185374683161,106945.54919165427,35248.36796886344
678,7180.185374683161,104501.91153061973,40299.791572728616
679,7180.185374683161,108066.6950581187,38331.76808565803
680,7180.185374683161,103444.07556844875,42904.94414378741
681,7180.185374683161,100261.83933986133,41859.789144753326
682,7180.185374683161,106760.77366814777,39476.03546271956
683,7180.185374683161,111370.8235086783,39455.41762623105
684,7180.185374683161,105895.49766382136,43262.21250782316
685,7180.185374683161,109201.77003906696,41554.93859212807
686,7180.185374683161,106527.45965513786,40146.44450810585
687,7180.185374683161,107800.03697313402,39578.01396146713
688,7180.185374683161,110044.89141338017,38691.560938431896
689,7180.185374683161,104470.9071513584,42849.992698416834
690,7180.185374683161,105030.41964937645,41754.6024003153
691,7180.185374683161,107647.74358122703,40914.787321102434
692,7180.185374683161,106829.97944985318,40075.90512317839
693,7180.185374683161,103601.51277037371,40798.55858433013
694,7180.185374683161,103555.63787156662,41167.62619143007
695,7180.185374683161,100862.39101232556,42470.14786366515
696,7180.185374683161,105868.34586223139,39650.981353600604
697,7180.185374683161,104652.12780944798,41255.066733489264
698,7180.185374683161,105071.46802448537,40279.42002712517
699,7180.185374683161,106156.77408116817,39161.14431872689
700,7180.185374683161,108730.26260685788,39486.594804621345
701,7180.185374683161,109299.13973561914,38218.36812617293
702,7180.185374683161,112130.65119358923,37114.5682133116
703,7180.185374683161,109861.46069887094,38013.086629854275
704,7180.185374683161,99920.65224750823,44293.15762518933
705,7180.185374683161,104374.93380544137,41876.66398282563
706,7180.185374683161,105903.46416334441,40440.96688585035
707,7180.185374683161,99397.85632292673,44823.61978359023
708,7180.185374683161,105084.38101729803,40789.02523959461
709,7180.185374683161,108718.42946384083,40821.73526018433
710,7180.185374683161,110898.0466393207,37971.51509404571
711,7180.185374683161,107295.72537122382,42129.27945961432
712,7180.185374683161,111054.58968333872,38932.811794441805
713,7180.185374683161,105225.32743910223,42873.13112901873
714,7180.185374683161,108281.08375647025,42736.7181658318
715,7180.185374683161,104575.30314260349,43534.70954898147
716,7180.185374683161,99756.75966208719,43850.24514232613
717,7180.185374683161,104089.86744298707,41692.506151037305
718,7180.185374683161,101745.73679631914,44877.894508816644
719,7180.185374683161,105638.10621968844,40828.467042987046
720,7180.185374683161,108534.85545736126,39719.428591164724
721,7180.185374683161,104075.68033344856,42017.876479592385
722,7180.185374683161,99668.42575643657,41087.79323700841
723,7180.185374683161,102752.31134819903,42706.28706663565
724,7180.185374683161,107918.51548812346,40008.366426171655
725,7180.185374683161,109344.17300307969,39107.27497667592
726,7180.185374683161,105164.78682968878,42505.99854668236
727,7180.185374683161,108746.04184767604,39058.19810590434
728,7180.185374683161,107659.70141057092,37904.4540517338
729,7180.185374683161,107261.13474245352,37055.455376721344
730,7180.185374683161,105289.86832065566,40860.96650765051
731,7180.185374683161,102803.13754064318,41649.21690196385
732,7180.185374683161,96947.12054389376,41747.27302309399
733,7180.185374683161,103926.85643596173,39815.48268405027
734,7180.185374683161,98294.04190105852,41847.1879790969
735,7180.185374683161,101154.77487205662,38551.97380462109
736,7180.185374683161,101704.94709230553,38117.85493190697
737,7180.185374683161,101424.98262320361,41301.08113259957
738,7180.185374683161,101302.19965147259,43755.10115054962
739,7180.185374683161,102750.10343792518,39604.048717896985
740,7180.185374683161,103641.5370320369,37251.32358905482
741,7180.185374683161,100698.46902651727,39997.033704193025
742,7180.185374683161,100899.3724010106,38078.82970549311
743,7180.185374683161,100591.9747758994,39813.072691964764
744,7180.185374683161,98334.76013700044,39632.793507973554
745,7180.185374683161,101416.69344245455,40806.46369198888
746,7180.185374683161,102152.08640887463,40653.71948448678
747,7180.185374683161,105395.69776541296,38806.46595965779
748,7180.185374683161,101635.95142930369,39976.157578071216
749,7180.185374683161,93293.52925063319,40660.62622664028
750,7180.185374683161,97992.30545165428,38512.46534068521
751,7180.185374683161,101910.93576647993,37749.61635618962
752,7180.185374683161,106603.50774178412,36214.36378268835
753,7180.185374683161,101148.74937516358,37160.19321500092
754,7180.185374683161,96349.35045406962,39051.414772837874
755,7180.185374683161,98119.52342046045,38615.76474815548
756,7180.185374683161,102469.95288998933,35562.91287812196
757,7180.185374683161,97804.01426165955,38156.23727399503
758,7180.185374683161,99793.18206356112,39678.66285241078
759,7180.185374683161,95487.00822825353,43014.293936602924
760,7180.185374683161,97758.45394339194,41645.514124470814
761,7180.185374683161,94968.55067453321,43716.29387902808
762,7180.185374683161,99268.38338913461,40714.07969415182
763,7180.185374683161,97700.09284254638,41013.17225749602
764,7180.185374683161,102058.98231543972,39790.03538940994
765,7180.185374683161,107420.61692908999,36625.09260822576
766,7180.185374683161,105516.4729815771,37722.061670405674
767,7180.185374683161,105083.98283209566,37385.45218260773
768,7180.185374683161,104448.08183797775,39354.334997979895
769,7180.185374683161,106888.96131786711,39009.01781793501
770,7180.185374683161,112464.58502653746,35677.664052475535
771,7180.185374683161,107542.78020871137,38283.60728184352
772,7180.185374683161,99144.45182941528,41625.391963122776
773,7180.185374683161,93911.30709241534,42965.14328417901
774,7180.185374683161,104190.44760038052,38491.293273987045
775,7180.185374683161,101883.82653693884,41232.4444472396
776,7180.185374683161,99010.22866015766,42053.60874083338
777,7180.185374683161,101053.09682899408,39703.78316564204
778,7180.185374683161,100545.28843281406,40244.49834586491
779,7180.185374683161,100787.86917319043,39204.02609770259
780,7180.185374683161,105224.87123093753,38861.45663145221
781,7180.185374683161,109121.67657321767,37125.01644433751
782,7180.185374683161,99509.49907445077,41912.37407851118
783,7180.185374683161,105440.00104795936,39836.057659146674
784,7180.185374683161,106773.96463022119,38344.71071315939
785,7180.185374683161,97561.17238322248,43376.40569225042
786,7180.185374683161,93345.88881068835,44474.8469223945
787,7180.185374683161,100354.83600066869,40190.24857684986
788,7180.185374683161,105013.7265128258,38400.32151865788
789,7180.185374683161,107499.89362320557,38088.14082344838
790,7180.185374683161,100962.96902385095,40989.211319689115
791,7180.185374683161,99876.11381511258,43588.80944623513
792,7180.185374683161,103870.52910641808,39803.463530991234
793,7180.185374683161,101805.87025069192,40838.18328603365
794,7180.185374683161,107868.73044877274,38512.595511381216
795,7180.185374683161,105823.66549204025,40478.01754680091
796,7180.185374683161,109249.23603728821,37228.128772738986
797,7180.185374683161,105834.6418579192,40735.70335325361
798,7180.185374683161,108946.6610176514,36831.95022900605
799,7180.185374683161,101893.10469296828,41875.11404270786
800,7180.185374683161,107049.58930134591,38304.33254877929
801,7180.185374683161,107804.41032601187,35943.15071119815
802,7180.185374683161,100913.41654153283,42285.56285700234
803,7180.185374683161,104203.07566872034,38606.88253128445
804,7180.185374683161,104986.5786612376,37644.05490718794
805,7180.185374683161,102845.29262964817,39778.68531329852
806,7180.185374683161,104848.67992214339,38997.05733046032
807,7180.185374683161,106135.96791838307,37954.480527674095
808,7180.185374683161,107756.30274959376,36678.8760952789
809,7180.185374683161,101710.25915790317,40189.05756417278
810,7180.185374683161,103067.47456422569,39723.479132704524
811,7180.185374683161,102508.63488307629,39066.63400661736
812,7180.185374683161,105109.53346798365,38269.2915942709
813,7180.185374683161,102941.83508137931,39826.42760642336
814,7180.185374683161,106812.84901574472,37739.733645381886
815,7180.185374683161,97529.68937012154,42441.333425280856
816,7180.185374683161,94061.9535585388,40097.7258037846
817,7180.185374683161,92559.32275294438,41565.70972959305
818,7180.185374683161,101296.07239741432,39163.18831871733
819,7180.185374683161,99144.52867405415,41336.513521774956
820,7180.185374683161,101909.26190349986,39982.28688131756
821,7180.185374683161,101504.51608958672,42033.50680189775
822,7180.185374683161,102274.1634329799,41893.21373996503
823,7180.185374683161,103380.52244697663,42725.02873632964
824,7180.185374683161,107280.04540850695,36874.58596996248
825,7180.185374683161,103302.77518698966,39911.38548715396
826,7180.185374683161,106151.0741622876,38115.95597279858
827,7180.185374683161,104949.27367396271,36902.660591968786
828,7180.185374683161,104665.38231029775,38604.83301178166
829,7180.185374683161,111166.94400808234,36733.82117920159
830,7180.185374683161,108725.53897512998,37845.61647940396
831,7180.185374683161,110257.22543495157,36389.29535980035
832,7180.185374683161,112888.45475914341,36378.24428274423
833,7180.185374683161,111321.63432648254,36605.14357102494
834,7180.185374683161,99414.330978595,43534.973790344426
835,7180.185374683161,107555.05791094848,40128.88748868118
836,7180.185374683161,107559.30174267496,40404.28550268667
837,7180.185374683161,106145.42206996348,41874.64441317071
838,7180.185374683161,113092.32323307991,36179.39265783227
839,7180.185374683161,109568.33971405435,39313.63199382031
840,7180.185374683161,111859.25413475091,36740.21499444138
841,7180.185374683161,108419.5921055951,37441.26749396649
842,7180.185374683161,103447.31608792605,42556.298195544645
843,7180.185374683161,107705.22116138825,40533.77287675148
844,7180.185374683161,106202.62461006806,42224.73907958542
845,7180.185374683161,110196.74486689534,38291.38550661222
846,7180.185374683161,106072.99952472845,39710.27652125269
847,7180.185374683161,99055.95894193306,43972.470813493586
848,7180.185374683161,106067.61525582158,39796.641590512
849,7180.185374683161,99423.56705604032,44888.44309353084
850,7180.185374683161,106348.93188028615,38916.82609495516
851,7180.185374683161,107467.69197094066,39247.562995123444
852,7180.185374683161,109452.54490414952,37645.902251286934
853,7180.185374683161,105451.32807019258,39741.16362359211
854,7180.185374683161,104105.0688022465,40418.27851888797
855,7180.185374683161,97758.68728232571,43396.756917635175
856,7180.185374683161,106395.75491201933,39078.3275441731
857,7180.185374683161,103377.44974429753,38476.37843821102
858,7180.185374683161,103433.82501872089,40131.53112771681
859,7180.185374683161,109000.82413221829,37498.459279236056
860,7180.185374683161,108712.06090214995,36924.67534733619
861,7180.185374683161,108000.47328482135,38836.8099055972
862,7180.185374683161,105279.50485135138,40555.77006409039
863,7180.185374683161,107996.11492622331,39159.87370780553
864,7180.185374683161,103950.4475701048,40694.9980823011
865,7180.185374683161,103786.24659894427,39518.179075527674
866,7180.185374683161,99429.04642072532,40539.846557637095
867,7180.185374683161,97907.1171628862,43175.898049979805
868,7180.185374683161,95587.22833412439,43972.52225536157
869,7180.185374683161,95630.15112500626,45204.11688819021
870,7180.185374683161,103107.61688761451,42485.116397491496
871,7171.313437352212,102530.47159171423,42072.05812835482
872,7171.313437352212,99910.90917194528,43743.96058868934
873,7171.313437352212,108584.07806788551,38620.697865435206
874,7171.313437352212,102975.33195712445,41652.94910502975
875,7171.313437352212,101215.42501705221,41828.94097863755
876,7171.313437352212,99420.28006911291,39684.84989383354
877,7171.313437352212,99069.09701692128,39496.94926606883
878,7171.313437352212,96412.77763035157,41903.05492356456
879,7171.313437352212,104719.9422278393,36541.03562089441
880,7171.313437352212,98702.69449664319,39756.31614031134
881,7171.313437352212,102835.88924455282,39734.82862805903
882,7171.313437352212,105470.42053798158,37285.82748974024
883,7171.313437352212,103406.5259609867,38921.71199170282
884,7171.313437352212,105645.8397055809,39129.32668513346
885,7171.313437352212,104585.13488386526,39471.35582361224
886,7171.313437352212,108924.8969308968,38593.393460312494
887,7171.313437352212,107438.33326911516,38225.20524166543
888,7171.313437352212,105573.1377317694,39433.17857947643
889,7171.313437352212,103129.07576807577,41434.21447478032
890,7171.313437352212,106119.24953402231,37979.447480310715
891,7171.313437352212,101541.26914768132,42177.883221560725
892,7171.313437352212,99402.13967682874,43613.29277025906
893,7171.313437352212,103610.81165446475,42790.24442643085
894,7171.313437352212,103938.97185466232,39674.01225803344
895,7171.313437352212,100032.84554132892,44047.16123224898
896,7171.313437352212,104613.32973938175,41205.64048875568
897,7171.313437352212,99547.77222565802,41488.395550510904
898,7171.313437352212,102175.87797939587,40746.06555579465
899,7171.313437352212,105860.11649506129,39277.75005385133
900,7171.313437352212,100583.89073184457,42330.95342067006
901,7171.313437352212,96956.03847880542,41433.27596266058
902,7171.313437352212,94610.12608176122,41255.95268831618
903,7171.313437352212,94893.15387937239,42733.74625949095
904,7171.313437352212,106686.01627979321,38663.4831661032
905,7171.313437352212,104733.0694347078,39682.63237385389
906,7171.313437352212,106615.62093107388,37113.33631522085
907,7171.313437352212,109909.52339066744,36722.47632216474
908,7171.313437352212,107755.38649915636,39066.04515953924
909,7171.313437352212,105156.74593147814,39919.68149683841
910,7171.313437352212,108235.86343471012,38552.43322880325
911,7171.313437352212,105468.40341153253,41161.798551150925
912,7171.313437352212,102372.5933868625,42696.028238698986
913,7171.313437352212,101934.93666653689,41479.94451306327
914,7171.313437352212,105042.13007030518,40627.06115278363
915,7171.313437352212,106169.16351303112,40886.9985594949
916,7171.313437352212,103082.37044339678,43168.77033262178
917,7171.313437352212,106855.7887842617,41199.700358737784
918,7171.313437352212,102317.24636773996,45144.71784263326
919,7171.313437352212,106511.58925756719,41294.052051745224
920,7171.313437352212,102609.337305416,43566.666037776566
921,7171.313437352212,101339.92965832431,39664.46386546493
922,7171.313437352212,96653.33627955402,40846.43164270286
923,7171.313437352212,99217.02242879987,39520.593817194494
924,7171.313437352212,100506.52034567844,41793.29615754263
925,7171.313437352212,101051.99975149301,41308.39354077059
926,7171.313437352212,105491.73258895725,36450.79939547335
927,7171.313437352212,106721.59817004099,36670.90911553678
928,7171.313437352212,105390.40807362706,38315.4534716187
929,7171.313437352212,101069.9111816444,42980.19651282711
930,7171.313437352212,101553.56477532843,42685.57996004835
931,7171.313437352212,103542.68475929995,41627.00671366234
932,7171.313437352212,98871.84624612577,43551.1724501536
933,7171.313437352212,94997.36703054898,44125.91242302424
934,7171.313437352212,105756.4818424238,38592.49733778266
935,7171.313437352212,103424.30772945964,41211.804519343495
936,7171.313437352212,104313.12525149435,41860.977974725036
937,7171.313437352212,100185.2732180482,44199.660886457845
938,7171.313437352212,98167.58514024652,42447.020098544825
939,7171.313437352212,99532.60658004004,41376.506587261
940,7171.313437352212,101990.30115227653,40094.26621032172
941,7171.313437352212,105910.21919541205,38516.897927357495
942,7171.313437352212,102630.60574156992,39947.719902142984
943,7171.313437352212,96604.81346029256,39035.06846685738
944,7171.313437352212,98424.1306421893,38404.910044682845
945,7171.313437352212,96269.72031831104,38932.62324507697
946,7171.313437352212,96951.16487858919,35108.34044242
947,7171.313437352212,88841.55187735269,38085.10087715721
948,7171.313437352212,95375.461641891,38642.103835025155
949,7171.313437352212,91649.02893256025,35711.35851990954
950,7171.313437352212,91529.5702803656,35753.80592388842
951,7171.313437352212,90614.50426208379,35428.96419304333
952,7171.313437352212,87757.8091571412,35644.074619484316
953,7171.313437352212,93215.81869399795,34343.88145765891
954,7171.313437352212,87743.90014014319,37924.6601311459
955,7171.313437352212,94247.81459974548,36551.89036657071
956,7171.313437352212,95347.13394360867,34751.3343611117
957,7171.313437352212,95766.62355810154,36317.46805855374
958,7171.313437352212,98945.5152625793,40361.540167857434
959,7171.313437352212,106943.43803128412,37073.90090049384
960,7171.313437352212,103595.96876457092,38269.47869891822
961,7171.313437352212,102653.898452964,37866.552926076045
962,7171.313437352212,102679.1025062663,39888.50178959512
963,7171.313437352212,106839.06428167998,37888.041198771956
964,7171.313437352212,110530.9031542499,34934.41854270808
965,7171.313437352212,106884.32226355495,35493.62834505603
966,7171.313437352212,102894.77413974359,38016.038487724014
967,7171.313437352212,108171.82572061336,34718.737609462696
968,7171.313437352212,102567.6677685157,39980.877711008616
969,7171.313437352212,103310.68128660462,38943.68307418728
970,7171.313437352212,100757.46490512435,39522.68774597926
971,7171.313437352212,99004.29030928435,38237.89558245575
972,7171.313437352212,96389.69678593619,41060.3132562632
973,7171.313437352212,96043.56638740249,40181.105886434714
974,7171.313437352212,101356.63716669209,37604.297534688834
975,7171.313437352212,98562.22231723623,37364.26517598815
976,7171.313437352212,104672.05150027694,37457.4319997885
977,7171.313437352212,97816.44777593808,39340.66410694098
978,7171.313437352212,95292.26287581021,38716.71129170502
979,7171.313437352212,91425.40041517209,38616.251936214416
980,7171.313437352212,89543.66932794906,37551.8805625485
981,7171.313437352212,92456.70291502587,38903.04841080946
982,7171.313437352212,96047.98313119623,40457.921324301766
983,7171.313437352212,105028.85627552554,37617.5994275835
984,7171.313437352212,101626.84139559086,37766.32675164649
985,7171.313437352212,104795.04859265,37461.94686703076
986,7171.313437352212,103565.98952779493,36512.54225543739
987,7171.313437352212,104534.6663010328,34742.722193410875
988,7171.313437352212,100030.77357402157,37844.215933949745
989,7171.313437352212,100622.29756475045,38745.92909494489
990,7171.313437352212,92707.52255008725,41749.1753421176
991,7171.313437352212,97099.04162269086,38127.36568259795
992,7171.313437352212,88908.92518964209,41204.73418411261
993,7171.313437352212,94218.92874490329,37526.8227053075
994,7171.313437352212,95506.95246139014,38932.1421547609
995,7171.313437352212,95761.52325362877,38233.41684037449
996,7171.313437352212,98511.32911562853,36127.19015559016
997,7171.313437352212,95136.5853450553,38782.11081308575
998,7171.313437352212,98837.29239951698,38920.14148940884
999,7171.313437352212,101376.07116983201,38750.06852908279
1000,7171.313437352212,100674.50366920378,38218.28777160096
